DCG0301;1-5-2022
EPD0205;15-12-2017
GBW-UVA;1-9-2020
GRW0201;29-11-2018
HEG0102;14-11-2018
HEG0202;15-9-2018
HEG0301;15-9-2018
HEG0302;15-9-2018
HEG0402;15-5-2019
HEG0802;1-7-2021
HEG0901;14-9-2020
KBW0101;15-5-2019
KBW0201;15-5-2019
KBW0301;15-5-2019
KZG0301-01;28-1-2021
KZG0302;15-5-2019
LEG0302;15-5-2019
LLG0101;15-9-2018
LLG0102;15-9-2018
LLG0201;15-5-2019
LLG0202;15-5-2019
LYG0501;26-3-2018
NHG0401;1-1-2018
OVW0201;11-11-2019
PRG0101;28-9-2020
PRG0301;23-6-2020
PRG0402;1-5-2019
PRG0701;15-5-2019
PRG0801;15-5-2019
SIG0201;1-1-2019
SIN0401;1-10-2021
SIN0903;18-10-2019
WEG0202;15-5-2019
