timestep,obs_comp_0,obs_det_rate_comp_0,action_comp_0,state_comp_0_state_0,belief_comp_0_state_0,state_comp_0_state_1,belief_comp_0_state_1,state_comp_0_state_2,belief_comp_0_state_2,state_comp_0_state_3,belief_comp_0_state_3,state_comp_0_state_4,belief_comp_0_state_4,obs_comp_1,obs_det_rate_comp_1,action_comp_1,state_comp_1_state_0,belief_comp_1_state_0,state_comp_1_state_1,belief_comp_1_state_1,state_comp_1_state_2,belief_comp_1_state_2,state_comp_1_state_3,belief_comp_1_state_3,state_comp_1_state_4,belief_comp_1_state_4,obs_comp_2,obs_det_rate_comp_2,action_comp_2,state_comp_2_state_0,belief_comp_2_state_0,state_comp_2_state_1,belief_comp_2_state_1,state_comp_2_state_2,belief_comp_2_state_2,state_comp_2_state_3,belief_comp_2_state_3,state_comp_2_state_4,belief_comp_2_state_4,obs_comp_3,obs_det_rate_comp_3,action_comp_3,state_comp_3_state_0,belief_comp_3_state_0,state_comp_3_state_1,belief_comp_3_state_1,state_comp_3_state_2,belief_comp_3_state_2,state_comp_3_state_3,belief_comp_3_state_3,state_comp_3_state_4,belief_comp_3_state_4,obs_comp_4,obs_det_rate_comp_4,action_comp_4,state_comp_4_state_0,belief_comp_4_state_0,state_comp_4_state_1,belief_comp_4_state_1,state_comp_4_state_2,belief_comp_4_state_2,state_comp_4_state_3,belief_comp_4_state_3,state_comp_4_state_4,belief_comp_4_state_4,obs_comp_5,obs_det_rate_comp_5,action_comp_5,state_comp_5_state_0,belief_comp_5_state_0,state_comp_5_state_1,belief_comp_5_state_1,state_comp_5_state_2,belief_comp_5_state_2,state_comp_5_state_3,belief_comp_5_state_3,state_comp_5_state_4,belief_comp_5_state_4,obs_comp_6,obs_det_rate_comp_6,action_comp_6,state_comp_6_state_0,belief_comp_6_state_0,state_comp_6_state_1,belief_comp_6_state_1,state_comp_6_state_2,belief_comp_6_state_2,state_comp_6_state_3,belief_comp_6_state_3,state_comp_6_state_4,belief_comp_6_state_4,obs_comp_7,obs_det_rate_comp_7,action_comp_7,state_comp_7_state_0,belief_comp_7_state_0,state_comp_7_state_1,belief_comp_7_state_1,state_comp_7_state_2,belief_comp_7_state_2,state_comp_7_state_3,belief_comp_7_state_3,state_comp_7_state_4,belief_comp_7_state_4,obs_comp_8,obs_det_rate_comp_8,action_comp_8,state_comp_8_state_0,belief_comp_8_state_0,state_comp_8_state_1,belief_comp_8_state_1,state_comp_8_state_2,belief_comp_8_state_2,state_comp_8_state_3,belief_comp_8_state_3,state_comp_8_state_4,belief_comp_8_state_4,obs_comp_9,obs_det_rate_comp_9,action_comp_9,state_comp_9_state_0,belief_comp_9_state_0,state_comp_9_state_1,belief_comp_9_state_1,state_comp_9_state_2,belief_comp_9_state_2,state_comp_9_state_3,belief_comp_9_state_3,state_comp_9_state_4,belief_comp_9_state_4,obs_comp_10,obs_det_rate_comp_10,action_comp_10,state_comp_10_state_0,belief_comp_10_state_0,state_comp_10_state_1,belief_comp_10_state_1,state_comp_10_state_2,belief_comp_10_state_2,state_comp_10_state_3,belief_comp_10_state_3,state_comp_10_state_4,belief_comp_10_state_4,obs_comp_11,obs_det_rate_comp_11,action_comp_11,state_comp_11_state_0,belief_comp_11_state_0,state_comp_11_state_1,belief_comp_11_state_1,state_comp_11_state_2,belief_comp_11_state_2,state_comp_11_state_3,belief_comp_11_state_3,state_comp_11_state_4,belief_comp_11_state_4,obs_comp_12,obs_det_rate_comp_12,action_comp_12,state_comp_12_state_0,belief_comp_12_state_0,state_comp_12_state_1,belief_comp_12_state_1,state_comp_12_state_2,belief_comp_12_state_2,state_comp_12_state_3,belief_comp_12_state_3,state_comp_12_state_4,belief_comp_12_state_4,global_action
0,4,4,0,0,0.2,0,0.2,0,0.2,1,0.2,0,0.2,4,4,0,0,0.2,0,0.2,0,0.2,1,0.2,0,0.2,4,4,0,0,0.2,0,0.2,1,0.2,0,0.2,0,0.2,4,4,0,0,0.2,0,0.2,0,0.2,1,0.2,0,0.2,4,4,0,0,0.2,0,0.2,1,0.2,0,0.2,0,0.2,4,4,0,0,0.2,0,0.2,1,0.2,0,0.2,0,0.2,4,4,0,0,0.2,0,0.2,0,0.2,1,0.2,0,0.2,4,4,0,0,0.2,0,0.2,1,0.2,0,0.2,0,0.2,4,4,0,0,0.2,0,0.2,0,0.2,1,0.2,0,0.2,4,4,0,0,0.2,0,0.2,1,0.2,0,0.2,0,0.2,4,4,0,0,0.2,0,0.2,0,0.2,1,0.2,0,0.2,4,4,0,0,0.2,0,0.2,1,0.2,0,0.2,0,0.2,4,4,0,0,0.2,0,0.2,1,0.2,0,0.2,0,0.2,0
1,4,1,1,0,0.0,0,0.0,1,0.4947358063563908,0,0.49714651185673525,0,0.008117681786873955,4,1,1,0,0.0,0,0.0,1,0.4947358063563908,0,0.49714651185673525,0,0.008117681786873955,0,1,1,0,0.6625328570465727,1,0.3374671429534273,0,0.0,0,0.0,0,0.0,4,1,1,0,0.0,0,0.0,1,0.4947358063563908,0,0.49714651185673525,0,0.008117681786873955,0,1,1,0,0.6625328570465727,1,0.3374671429534273,0,0.0,0,0.0,0,0.0,0,1,1,0,0.6625328570465727,1,0.3374671429534273,0,0.0,0,0.0,0,0.0,4,1,1,0,0.0,0,0.0,1,0.4947358063563908,0,0.49714651185673525,0,0.008117681786873955,0,1,1,0,0.6625328570465727,1,0.3374671429534273,0,0.0,0,0.0,0,0.0,4,1,1,0,0.0,0,0.0,1,0.4947358063563908,0,0.49714651185673525,0,0.008117681786873955,4,1,1,0,0.0,0,0.0,1,0.49189848706686184,0,0.49594924353343095,0,0.012152269399707176,0,1,2,1,1.0,0,0.0,0,0.0,0,0.0,0,0.0,0,1,1,0,0.660657404269739,1,0.33934259573026093,0,0.0,0,0.0,0,0.0,0,1,1,0,0.6629417704476607,1,0.3370582295523393,0,0.0,0,0.0,0,0.0,0
2,0,2,1,0,0.0,1,1.0,0,0.0,0,0.0,0,0.0,0,2,1,0,0.0,1,1.0,0,0.0,0,0.0,0,0.0,0,2,1,1,0.9909048445078225,0,0.009095155492177551,0,0.0,0,0.0,0,0.0,0,2,1,0,0.0,1,1.0,0,0.0,0,0.0,0,0.0,0,2,0,0,0.6583934188684646,1,0.34160658113153536,0,0.0,0,0.0,0,0.0,0,2,1,1,0.9909048445078225,0,0.009095155492177551,0,0.0,0,0.0,0,0.0,0,2,1,0,0.0,1,1.0,0,0.0,0,0.0,0,0.0,0,2,0,0,0.6583934188684646,1,0.34160658113153536,0,0.0,0,0.0,0,0.0,0,2,1,0,0.0,1,1.0,0,0.0,0,0.0,0,0.0,0,2,1,0,0.0,1,1.0,0,0.0,0,0.0,0,0.0,0,2,1,1,0.9866154179969623,0,0.013384582003037722,0,0.0,0,0.0,0,0.0,0,2,1,1,0.9866154179969623,0,0.013384582003037722,0,0.0,0,0.0,0,0.0,0,2,0,0,0.6592102365698113,1,0.3407897634301888,0,0.0,0,0.0,0,0.0,0
3,0,3,0,0,0.0,1,1.0,0,0.0,0,0.0,0,0.0,4,3,1,0,0.0,0,0.0,1,0.6783353733170135,0,0.30966952264381886,0,0.01199510403916769,0,3,0,1,0.9818479302344519,0,0.018152069765548024,0,0.0,0,0.0,0,0.0,0,3,0,0,0.0,1,1.0,0,0.0,0,0.0,0,0.0,0,3,0,0,0.6542494560387621,1,0.34575054396123794,0,0.0,0,0.0,0,0.0,0,3,0,1,0.9818479302344519,0,0.018152069765548024,0,0.0,0,0.0,0,0.0,0,3,1,1,0.9907823384748361,0,0.009217661525163868,0,0.0,0,0.0,0,0.0,0,3,0,0,0.6542494560387621,1,0.34575054396123794,0,0.0,0,0.0,0,0.0,0,3,1,1,0.9907823384748361,0,0.009217661525163868,0,0.0,0,0.0,0,0.0,0,3,1,1,0.9863912957206165,0,0.013608704279383557,0,0.0,0,0.0,0,0.0,0,3,0,1,0.9733582378032396,0,0.026641762196760437,0,0.0,0,0.0,0,0.0,0,3,0,1,0.9733582378032396,0,0.026641762196760437,0,0.0,0,0.0,0,0.0,0,3,1,1,0.9917347215711431,0,0.008265278428856925,0,0.0,0,0.0,0,0.0,0
4,0,4,0,0,0.0,1,1.0,0,0.0,0,0.0,0,0.0,0,4,1,0,0.0,1,1.0,0,0.0,0,0.0,0,0.0,0,4,0,1,0.9728315292950158,0,0.027168470704984234,0,0.0,0,0.0,0,0.0,4,4,0,0,0.0,0,0.0,0,0.5115059019911767,1,0.32943841659711454,0,0.1590556814117086,0,4,0,0,0.6501020488015271,1,0.34989795119847295,0,0.0,0,0.0,0,0.0,0,4,0,1,0.9728315292950158,0,0.027168470704984234,0,0.0,0,0.0,0,0.0,0,4,0,1,0.9816072725285023,0,0.018392727471497682,0,0.0,0,0.0,0,0.0,0,4,0,0,0.6501020488015271,1,0.34989795119847295,0,0.0,0,0.0,0,0.0,0,4,0,0,0.9816072725285023,1,0.018392727471497682,0,0.0,0,0.0,0,0.0,0,4,1,1,0.9861670742876281,0,0.013832925712371899,0,0.0,0,0.0,0,0.0,0,4,0,1,0.9602321740951569,0,0.03976782590484309,0,0.0,0,0.0,0,0.0,0,4,0,1,0.9602321740951569,0,0.03976782590484309,0,0.0,0,0.0,0,0.0,4,4,0,0,0.0,0,0.0,0,0.6760392374041375,1,0.30812544917958123,0,0.015835313416281284,0
5,0,5,1,1,0.9905372386521998,0,0.009462761347800221,0,0.0,0,0.0,0,0.0,0,5,1,1,0.9905372386521998,0,0.009462761347800221,0,0.0,0,0.0,0,0.0,0,5,0,1,0.9638578059083517,0,0.03614219409164838,0,0.0,0,0.0,0,0.0,4,5,1,0,0.0,0,0.0,1,0.6617547940614992,0,0.32880209186231063,0,0.009443114076190232,4,5,0,0,0.0,0,0.0,0,0.5909281171070564,1,0.3204699374315814,0,0.0886019454613623,0,5,0,1,0.9638578059083517,0,0.03614219409164838,0,0.0,0,0.0,0,0.0,0,5,0,1,0.9724769881842114,0,0.0275230118157886,0,0.0,0,0.0,0,0.0,0,5,0,0,0.645952253567654,1,0.35404774643234593,0,0.0,0,0.0,0,0.0,0,5,0,0,0.9724769881842114,1,0.0275230118157886,0,0.0,0,0.0,0,0.0,0,5,0,1,0.9724852049708747,0,0.027514795029125377,0,0.0,0,0.0,0,0.0,0,5,1,1,0.985942753632179,0,0.014057246367820941,0,0.0,0,0.0,0,0.0,0,5,0,1,0.9472405848708184,0,0.0527594151291816,0,0.0,0,0.0,0,0.0,4,5,1,0,0.0,0,0.0,1,0.9252106978158312,0,0.06452329432432038,0,0.010266007859848512,0
6,0,6,0,1,0.9811259600619596,0,0.01887403993804036,0,0.0,0,0.0,0,0.0,0,6,0,1,0.9811259600619596,0,0.01887403993804036,0,0.0,0,0.0,0,0.0,0,6,0,1,0.9549288185120199,0,0.04507118148798006,0,0.0,0,0.0,0,0.0,0,6,1,0,0.0,1,1.0,0,0.0,0,0.0,0,0.0,4,6,1,0,0.0,0,0.0,1,0.7652647671975773,0,0.2244672639143944,0,0.010267968888028365,0,6,0,1,0.9549288185120199,0,0.04507118148798006,0,0.0,0,0.0,0,0.0,0,6,0,1,0.963393562492082,0,0.03660643750791803,0,0.0,0,0.0,0,0.0,0,6,1,1,0.9904146448415925,0,0.009585355158407464,0,0.0,0,0.0,0,0.0,0,6,0,0,0.963393562492082,1,0.03660643750791803,0,0.0,0,0.0,0,0.0,0,6,0,1,0.9589572803031589,0,0.041042719696841104,0,0.0,0,0.0,0,0.0,0,6,1,1,0.9857183336883929,0,0.014281666311607138,0,0.0,0,0.0,0,0.0,0,6,0,1,0.9343864869407067,0,0.06561351305929329,0,0.0,0,0.0,0,0.0,0,6,1,0,0.0,1,1.0,0,0.0,0,0.0,0,0.0,0
7,0,7,0,1,0.9717681639363448,0,0.02823183606365523,0,0.0,0,0.0,0,0.0,0,7,0,1,0.9717681639363448,0,0.02823183606365523,0,0.0,0,0.0,0,0.0,0,7,0,1,0.9460465219535302,0,0.0539534780464698,0,0.0,0,0.0,0,0.0,0,7,0,0,0.0,1,1.0,0,0.0,0,0.0,0,0.0,0,7,1,0,0.0,1,1.0,0,0.0,0,0.0,0,0.0,0,7,0,1,0.9460465219535302,0,0.0539534780464698,0,0.0,0,0.0,0,0.0,0,7,0,1,0.9543589658565832,0,0.04564103414341679,0,0.0,0,0.0,0,0.0,0,7,0,1,0.9808853053013546,0,0.019114694698645383,0,0.0,0,0.0,0,0.0,0,7,0,0,0.9543589658565832,1,0.04564103414341679,0,0.0,0,0.0,0,0.0,0,7,0,1,0.9455858400236108,0,0.05441415997638921,0,0.0,0,0.0,0,0.0,0,7,0,1,0.9716121721385796,0,0.028387827861420346,0,0.0,0,0.0,0,0.0,0,7,0,1,0.9216725713115906,0,0.07832742868840943,0,0.0,0,0.0,0,0.0,0,7,0,0,0.0,1,1.0,0,0.0,0,0.0,0,0.0,0
8,0,8,0,1,0.9624657394920768,0,0.037534260507923085,0,0.0,0,0.0,0,0.0,0,8,0,1,0.9624657394920768,0,0.037534260507923085,0,0.0,0,0.0,0,0.0,0,8,0,1,0.9372127697478374,0,0.06278723025216251,0,0.0,0,0.0,0,0.0,0,8,0,0,0.0,1,1.0,0,0.0,0,0.0,0,0.0,0,8,1,1,0.9901693693693694,0,0.00983063063063063,0,0.0,0,0.0,0,0.0,0,8,0,1,0.9372127697478374,0,0.06278723025216251,0,0.0,0,0.0,0,0.0,0,8,0,1,0.9453750644290652,0,0.05462493557093487,0,0.0,0,0.0,0,0.0,0,8,0,1,0.9714138807367205,0,0.02858611926327942,0,0.0,0,0.0,0,0.0,0,8,0,0,0.9453750644290652,1,0.05462493557093487,0,0.0,0,0.0,0,0.0,0,8,0,1,0.9323730927627522,0,0.06762690723724786,0,0.0,0,0.0,0,0.0,0,8,0,1,0.9576834841648533,0,0.04231651583514669,0,0.0,0,0.0,0,0.0,0,8,0,1,0.9091012184068561,0,0.09089878159314387,0,0.0,0,0.0,0,0.0,0,8,0,0,0.0,1,1.0,0,0.0,0,0.0,0,0.0,0
9,0,9,0,1,0.9532204681985402,0,0.04677953180145986,0,0.0,0,0.0,0,0.0,0,9,0,1,0.9532204681985402,0,0.04677953180145986,0,0.0,0,0.0,0,0.0,0,9,0,1,0.9284293163916354,0,0.07157068360836462,0,0.0,0,0.0,0,0.0,0,9,0,0,0.0,1,1.0,0,0.0,0,0.0,0,0.0,0,9,0,1,0.9804039987254473,0,0.01959600127455278,0,0.0,0,0.0,0,0.0,0,9,0,1,0.9284293163916354,0,0.07157068360836462,0,0.0,0,0.0,0,0.0,0,9,0,1,0.9364436225555632,0,0.06355637744443678,0,0.0,0,0.0,0,0.0,0,9,0,1,0.9620021595920072,0,0.037997840407992874,0,0.0,0,0.0,0,0.0,0,9,0,0,0.9364436225555632,1,0.06355637744443678,0,0.0,0,0.0,0,0.0,0,9,0,1,0.9193209331228263,0,0.08067906687717369,0,0.0,0,0.0,0,0.0,0,9,0,1,0.9439339051591797,0,0.05606609484082028,0,0.0,0,0.0,0,0.0,0,9,0,1,0.8966745130729761,0,0.10332548692702385,0,0.0,0,0.0,0,0.0,0,9,1,1,0.9911124277884757,0,0.008887572211524218,0,0.0,0,0.0,0,0.0,0
10,0,10,0,1,0.9440340265621594,0,0.05596597343784055,0,0.0,0,0.0,0,0.0,0,10,0,1,0.9440340265621594,0,0.05596597343784055,0,0.0,0,0.0,0,0.0,0,10,0,1,0.9196978197254454,0,0.08030218027455455,0,0.0,0,0.0,0,0.0,0,10,0,0,0.0,1,1.0,0,0.0,0,0.0,0,0.0,0,10,0,1,0.9707055720297995,0,0.02929442797020058,0,0.0,0,0.0,0,0.0,0,10,0,1,0.9196978197254454,0,0.08030218027455455,0,0.0,0,0.0,0,0.0,0,10,0,1,0.9275663052705724,0,0.07243369472942765,0,0.0,0,0.0,0,0.0,0,10,0,1,0.9526518223431344,0,0.04734817765686558,0,0.0,0,0.0,0,0.0,4,10,0,0,0.0,0,0.0,1,0.6561993258187918,0,0.3148878587777902,0,0.02891281540341811,0,10,0,1,0.9064309583887722,0,0.09356904161122775,0,0.0,0,0.0,0,0.0,0,10,0,1,0.9303647560880618,0,0.06963524391193816,0,0.0,0,0.0,0,0.0,0,10,0,1,0.8843942593280534,0,0.11560574067194662,0,0.0,0,0.0,0,0.0,0,10,0,1,0.9822741906392531,0,0.017725809360746858,0,0.0,0,0.0,0,0.0,0
11,0,11,0,1,0.9349079889427785,0,0.06509201105722158,0,0.0,0,0.0,0,0.0,0,11,0,1,0.9349079889427785,0,0.06509201105722158,0,0.0,0,0.0,0,0.0,0,11,0,1,0.9110198433349764,0,0.08898015666502347,0,0.0,0,0.0,0,0.0,0,11,0,0,0.0,1,1.0,0,0.0,0,0.0,0,0.0,0,11,0,1,0.9610756622020272,0,0.03892433779797283,0,0.0,0,0.0,0,0.0,0,11,0,1,0.9110198433349764,0,0.08898015666502347,0,0.0,0,0.0,0,0.0,0,11,0,1,0.9187446808279893,0,0.08125531917201066,0,0.0,0,0.0,0,0.0,0,11,0,1,0.943364444471199,0,0.05663555552880098,0,0.0,0,0.0,0,0.0,0,11,1,0,0.0,1,1.0,0,0.0,0,0.0,0,0.0,0,11,0,1,0.8937044848324446,0,0.10629551516755546,0,0.0,0,0.0,0,0.0,0,11,0,1,0.9169770619420903,0,0.08302293805790967,0,0.0,0,0.0,0,0.0,0,11,0,1,0.8722619948142142,0,0.1277380051857857,0,0.0,0,0.0,0,0.0,0,11,0,1,0.9734867413105482,0,0.026513258689451816,0,0.0,0,0.0,0,0.0,0
12,0,12,0,1,0.9258438303932294,0,0.07415616960677067,0,0.0,0,0.0,0,0.0,0,12,0,1,0.9258438303932294,0,0.07415616960677067,0,0.0,0,0.0,0,0.0,0,12,0,1,0.9023968589836983,0,0.0976031410163017,0,0.0,0,0.0,0,0.0,0,12,0,0,0.0,1,1.0,0,0.0,0,0.0,0,0.0,0,12,0,1,0.9515157344520696,0,0.04848426554793038,0,0.0,0,0.0,0,0.0,0,12,0,1,0.9023968589836983,0,0.0976031410163017,0,0.0,0,0.0,0,0.0,0,12,0,1,0.9099802232609241,0,0.0900197767390759,0,0.0,0,0.0,0,0.0,0,12,0,1,0.9341414994558305,0,0.06585850054416954,0,0.0,0,0.0,0,0.0,0,12,1,1,0.9896784667269615,0,0.01032153327303855,0,0.0,0,0.0,0,0.0,0,12,0,1,0.8811425635787965,0,0.11885743642120343,0,0.0,0,0.0,0,0.0,0,12,0,1,0.9037715696099596,0,0.09622843039004043,0,0.0,0,0.0,0,0.0,0,12,0,1,0.8602790049210807,0,0.13972099507891939,0,0.0,0,0.0,0,0.0,4,12,0,0,0.0,0,0.0,0,0.6662485885886105,1,0.31373612402959905,0,0.0200152873817906,0
13,0,13,0,1,0.9168429295138457,0,0.08315707048615428,0,0.0,0,0.0,0,0.0,0,13,0,1,0.9168429295138457,0,0.08315707048615428,0,0.0,0,0.0,0,0.0,0,13,0,1,0.8938302490690399,0,0.10616975093096019,0,0.0,0,0.0,0,0.0,0,13,0,0,0.0,1,1.0,0,0.0,0,0.0,0,0.0,0,13,0,1,0.9420271496151673,0,0.05797285038483267,0,0.0,0,0.0,0,0.0,0,13,0,1,0.8938302490690399,0,0.10616975093096019,0,0.0,0,0.0,0,0.0,0,13,0,1,0.901274314962574,0,0.09872568503742592,0,0.0,0,0.0,0,0.0,0,13,0,0,0.924984361779855,1,0.07501563822014497,0,0.0,0,0.0,0,0.0,0,13,0,0,0.979441397354675,1,0.020558602645325073,0,0.0,0,0.0,0,0.0,0,13,0,1,0.868745996008376,0,0.13125400399162404,0,0.0,0,0.0,0,0.0,0,13,0,1,0.8907487651549546,0,0.10925123484504531,0,0.0,0,0.0,0,0.0,0,13,0,1,0.8484463365526127,0,0.15155366344738733,0,0.0,0,0.0,0,0.0,4,13,1,0,0.0,0,0.0,1,0.912618837890055,0,0.07625471190032886,0,0.011126450209616227,0
14,0,14,0,1,0.907906571314214,0,0.09209342868578599,0,0.0,0,0.0,0,0.0,0,14,0,1,0.907906571314214,0,0.09209342868578599,0,0.0,0,0.0,0,0.0,0,14,0,1,0.8853213090950832,0,0.11467869090491672,0,0.0,0,0.0,0,0.0,0,14,0,0,0.0,1,1.0,0,0.0,0,0.0,0,0.0,0,14,0,1,0.932611167481204,0,0.06738883251879603,0,0.0,0,0.0,0,0.0,0,14,0,1,0.8853213090950832,0,0.11467869090491672,0,0.0,0,0.0,0,0.0,0,14,0,1,0.892628249280843,0,0.10737175071915704,0,0.0,0,0.0,0,0.0,0,14,0,0,0.9158943099373694,1,0.0841056900626306,0,0.0,0,0.0,0,0.0,0,14,0,0,0.9692899845109904,1,0.03071001548900957,0,0.0,0,0.0,0,0.0,0,14,0,1,0.8565153486756453,0,0.14348465132435462,0,0.0,0,0.0,0,0.0,0,14,0,1,0.8779088904775638,0,0.12209110952243611,0,0.0,0,0.0,0,0.0,0,14,0,1,0.8367648115143015,0,0.16323518848569848,0,0.0,0,0.0,0,0.0,0,14,1,0,0.0,1,1.0,0,0.0,0,0.0,0,0.0,0
15,0,15,0,1,0.8990359500749934,0,0.10096404992500657,0,0.0,0,0.0,0,0.0,0,15,0,1,0.8990359500749934,0,0.10096404992500657,0,0.0,0,0.0,0,0.0,0,15,0,0,0.8768712501550749,1,0.12312874984492507,0,0.0,0,0.0,0,0.0,0,15,0,0,0.0,1,1.0,0,0.0,0,0.0,0,0.0,0,15,0,1,0.9232689501107746,0,0.07673104988922531,0,0.0,0,0.0,0,0.0,0,15,0,1,0.8768712501550749,0,0.12312874984492507,0,0.0,0,0.0,0,0.0,0,15,0,1,0.8840432331198622,0,0.11595676688013781,0,0.0,0,0.0,0,0.0,0,15,0,0,0.9068725294378898,1,0.09312747056211018,0,0.0,0,0.0,0,0.0,0,15,0,0,0.9592253126498221,1,0.04077468735017789,0,0.0,0,0.0,0,0.0,0,15,0,1,0.8444509677273481,0,0.155549032272652,0,0.0,0,0.0,0,0.0,0,15,0,1,0.8652519593529666,0,0.1347480406470334,0,0.0,0,0.0,0,0.0,0,15,0,1,0.8252350395019984,0,0.1747649604980016,0,0.0,0,0.0,0,0.0,0,15,1,1,0.99048936538129,0,0.009510634618710012,0,0.0,0,0.0,0,0.0,0
16,0,16,0,1,0.8902321722031518,0,0.10976782779684825,0,0.0,0,0.0,0,0.0,0,16,0,1,0.8902321722031518,0,0.10976782779684825,0,0.0,0,0.0,0,0.0,0,16,0,0,0.8684812014175172,1,0.13151879858248283,0,0.0,0,0.0,0,0.0,0,16,0,0,0.0,1,1.0,0,0.0,0,0.0,0,0.0,0,16,0,1,0.9140015651309393,0,0.08599843486906072,0,0.0,0,0.0,0,0.0,0,16,0,1,0.8684812014175172,0,0.13151879858248283,0,0.0,0,0.0,0,0.0,0,16,0,1,0.8755203895420393,0,0.12447961045796076,0,0.0,0,0.0,0,0.0,0,16,0,0,0.8979201157997901,1,0.10207988420020984,0,0.0,0,0.0,0,0.0,0,16,0,0,0.9492483620727895,1,0.050751637927210526,0,0.0,0,0.0,0,0.0,0,16,0,1,0.8325529928094103,0,0.16744700719058964,0,0.0,0,0.0,0,0.0,0,16,0,1,0.8527777728367197,0,0.1472222271632803,0,0.0,0,0.0,0,0.0,0,16,0,1,0.8138574306776178,0,0.1861425693223821,0,0.0,0,0.0,0,0.0,0,16,0,1,0.9810503128831628,0,0.01894968711683712,0,0.0,0,0.0,0,0.0,0
17,0,17,0,1,0.8814962590744674,0,0.11850374092553266,0,0.0,0,0.0,0,0.0,0,17,0,1,0.8814962590744674,0,0.11850374092553266,0,0.0,0,0.0,0,0.0,0,17,0,0,0.8601522126100357,1,0.1398477873899642,0,0.0,0,0.0,0,0.0,0,17,0,0,0.0,1,1.0,0,0.0,0,0.0,0,0.0,0,17,0,1,0.9048099890042066,0,0.09519001099579333,0,0.0,0,0.0,0,0.0,0,17,0,1,0.8601522126100357,0,0.1398477873899642,0,0.0,0,0.0,0,0.0,0,17,0,1,0.8670607603647099,0,0.13293923963529006,0,0.0,0,0.0,0,0.0,0,17,0,0,0.8890380775267713,1,0.11096192247322877,0,0.0,0,0.0,0,0.0,0,17,0,0,0.9393600128977588,1,0.06063998710224114,0,0.0,0,0.0,0,0.0,0,17,0,1,0.8208213704547275,0,0.17917862954527247,0,0.0,0,0.0,0,0.0,0,17,0,1,0.8404859340360402,0,0.1595140659639598,0,0.0,0,0.0,0,0.0,0,17,0,0,0.8026322078205484,1,0.1973677921794515,0,0.0,0,0.0,0,0.0,0,17,0,1,0.9716837834559942,0,0.028316216544005766,0,0.0,0,0.0,0,0.0,0
18,0,18,0,1,0.8728291498576334,0,0.12717085014236665,0,0.0,0,0.0,0,0.0,0,18,0,1,0.8728291498576334,0,0.12717085014236665,0,0.0,0,0.0,0,0.0,0,18,0,0,0.8518852564956365,1,0.14811474350436354,0,0.0,0,0.0,0,0.0,0,18,0,0,0.0,1,1.0,0,0.0,0,0.0,0,0.0,0,18,0,1,0.8956951102648609,0,0.10430488973513909,0,0.0,0,0.0,0,0.0,0,18,0,1,0.8518852564956365,0,0.14811474350436354,0,0.0,0,0.0,0,0.0,0,18,0,1,0.8586653087459124,0,0.14133469125408765,0,0.0,0,0.0,0,0.0,0,18,0,0,0.8802273390616147,1,0.11977266093838525,0,0.0,0,0.0,0,0.0,0,18,0,0,0.9295610489682652,1,0.07043895103173481,0,0.0,0,0.0,0,0.0,0,18,0,1,0.8092558669476368,0,0.19074413305236315,0,0.0,0,0.0,0,0.0,0,18,0,1,0.828375862247694,0,0.17162413775230603,0,0.0,0,0.0,0,0.0,0,18,0,0,0.7915594180468684,1,0.2084405819531316,0,0.0,0,0.0,0,0.0,0,18,0,1,0.9623906398186372,0,0.03760936018136288,0,0.0,0,0.0,0,0.0,0
19,0,19,0,1,0.8642317043147683,0,0.13576829568523177,0,0.0,0,0.0,0,0.0,0,19,0,1,0.8642317043147683,0,0.13576829568523177,0,0.0,0,0.0,0,0.0,0,19,0,0,0.8436812313363692,1,0.1563187686636309,0,0.0,0,0.0,0,0.0,0,19,0,0,0.0,1,1.0,0,0.0,0,0.0,0,0.0,0,19,0,1,0.8866577327172808,0,0.11334226728271925,0,0.0,0,0.0,0,0.0,0,19,0,1,0.8436812313363692,0,0.1563187686636309,0,0.0,0,0.0,0,0.0,0,19,0,1,0.8503349217542251,0,0.14966507824577496,0,0.0,0,0.0,0,0.0,0,19,0,0,0.8714887437119658,1,0.1285112562880342,0,0.0,0,0.0,0,0.0,0,19,0,0,0.9198521616984496,1,0.0801478383015504,0,0.0,0,0.0,0,0.0,0,19,0,1,0.7978560806639707,0,0.20214391933602935,0,0.0,0,0.0,0,0.0,0,19,0,1,0.8164468064666778,0,0.1835531935333222,0,0.0,0,0.0,0,0.0,0,19,0,0,0.7806389440914079,1,0.2193610559085921,0,0.0,0,0.0,0,0.0,0,19,0,1,0.9531716691272694,0,0.046828330872730556,0,0.0,0,0.0,0,0.0,0
20,0,20,0,1,0.8557047055735866,0,0.14429529442641342,0,0.0,0,0.0,0,0.0,0,20,0,1,0.8557047055735866,0,0.14429529442641342,0,0.0,0,0.0,0,0.0,0,20,0,0,0.8355409633398115,1,0.1644590366601885,0,0.0,0,0.0,0,0.0,0,20,0,0,0.0,1,1.0,0,0.0,0,0.0,0,0.0,0,20,0,1,0.8776985785914205,0,0.12230142140857943,0,0.0,0,0.0,0,0.0,0,20,0,1,0.8355409633398115,0,0.1644590366601885,0,0.0,0,0.0,0,0.0,0,20,0,1,0.8420704129180226,0,0.15792958708197738,0,0.0,0,0.0,0,0.0,0,20,0,0,0.8628230565433598,1,0.13717694345664017,0,0.0,0,0.0,0,0.0,0,20,0,0,0.9102339538487692,1,0.08976604615123086,0,0.0,0,0.0,0,0.0,0,20,0,1,0.7866214538883155,0,0.2133785461116845,0,0.0,0,0.0,0,0.0,0,20,0,1,0.8046978582726536,0,0.19530214172734647,0,0.0,0,0.0,0,0.0,0,20,0,0,0.7698705151503402,1,0.23012948484965978,0,0.0,0,0.0,0,0.0,0,20,0,1,0.9440275856128056,0,0.05597241438719436,0,0.0,0,0.0,0,0.0,0
21,0,21,0,1,0.847248862866915,0,0.1527511371330849,0,0.0,0,0.0,0,0.0,4,21,0,0,0.0,0,0.0,1,0.6316152859821795,0,0.32022395987311403,0,0.048160754144706455,0,21,0,0,0.8274652090841613,1,0.17253479091583873,0,0.0,0,0.0,0,0.0,0,21,0,0,0.0,1,1.0,0,0.0,0,0.0,0,0.0,0,21,0,1,0.8688182916511129,0,0.13118170834888707,0,0.0,0,0.0,0,0.0,0,21,0,1,0.8274652090841613,0,0.17253479091583873,0,0.0,0,0.0,0,0.0,0,21,0,1,0.8338725247498968,0,0.16612747525010318,0,0.0,0,0.0,0,0.0,0,21,0,0,0.8542309672351592,1,0.14576903276484082,0,0.0,0,0.0,0,0.0,0,21,0,0,0.9007069432283202,1,0.0992930567716797,0,0.0,0,0.0,0,0.0,0,21,0,1,0.7755512841125137,0,0.22444871588748627,0,0.0,0,0.0,0,0.0,0,21,0,1,0.7931279641034946,0,0.20687203589650546,0,0.0,0,0.0,0,0.0,0,21,0,0,0.7592537172843405,1,0.2407462827156595,0,0.0,0,0.0,0,0.0,0,21,0,1,0.934959033183389,0,0.06504096681661099,0,0.0,0,0.0,0,0.0,0
22,0,22,0,1,0.8388648142356504,0,0.16113518576434951,0,0.0,0,0.0,0,0.0,0,22,1,0,0.0,1,1.0,0,0.0,0,0.0,0,0.0,0,22,0,0,0.8194546579180876,1,0.1805453420819124,0,0.0,0,0.0,0,0.0,0,22,0,0,0.0,1,1.0,0,0.0,0,0.0,0,0.0,0,22,0,1,0.8600174402513208,0,0.13998255974867932,0,0.0,0,0.0,0,0.0,0,22,0,1,0.8194546579180876,0,0.1805453420819124,0,0.0,0,0.0,0,0.0,0,22,0,1,0.8257419312423689,0,0.17425806875763108,0,0.0,0,0.0,0,0.0,0,22,0,0,0.8457130928954952,1,0.15428690710450482,0,0.0,0,0.0,0,0.0,0,22,0,0,0.89127156632017,1,0.10872843367982994,0,0.0,0,0.0,0,0.0,0,22,1,1,0.982114057391936,0,0.017885942608063927,0,0.0,0,0.0,0,0.0,0,22,1,1,0.982114057391936,0,0.017885942608063927,0,0.0,0,0.0,0,0.0,0,22,1,1,0.982114057391936,0,0.017885942608063927,0,0.0,0,0.0,0,0.0,0,22,0,1,0.9259665879888246,0,0.07403341201117537,0,0.0,0,0.0,0,0.0,0
23,0,23,0,1,0.8305531291916488,0,0.16944687080835125,0,0.0,0,0.0,0,0.0,0,23,1,1,0.9883260616187558,0,0.011673938381244134,0,0.0,0,0.0,0,0.0,0,23,0,0,0.8115099343318429,1,0.18849006566815713,0,0.0,0,0.0,0,0.0,0,23,0,0,0.0,1,1.0,0,0.0,0,0.0,0,0.0,0,23,0,1,0.8512965203409089,0,0.14870347965909117,0,0.0,0,0.0,0,0.0,0,23,0,1,0.8115099343318429,0,0.18849006566815713,0,0.0,0,0.0,0,0.0,0,23,0,1,0.8176792403313822,0,0.1823207596686178,0,0.0,0,0.0,0,0.0,0,23,0,0,0.8372699808317196,1,0.1627300191682804,0,0.0,0,0.0,0,0.0,0,23,0,0,0.8819281818266052,1,0.11807181817339482,0,0.0,0,0.0,0,0.0,0,23,0,1,0.9646279094827612,0,0.03537209051723875,0,0.0,0,0.0,0,0.0,0,23,0,1,0.9646279094827612,0,0.03537209051723875,0,0.0,0,0.0,0,0.0,0,23,0,1,0.9646279094827612,0,0.03537209051723875,0,0.0,0,0.0,0,0.0,0,23,0,1,0.9170507609441415,0,0.08294923905585846,0,0.0,0,0.0,0,0.0,0
24,0,24,0,1,0.8223143113374084,0,0.17768568866259157,0,0.0,0,0.0,0,0.0,0,24,0,1,0.9767943245769131,0,0.023205675423086963,0,0.0,0,0.0,0,0.0,0,24,0,0,0.8036316002964657,1,0.19636839970353423,0,0.0,0,0.0,0,0.0,0,24,0,0,0.0,1,1.0,0,0.0,0,0.0,0,0.0,0,24,0,1,0.8426559584079253,0,0.15734404159207466,0,0.0,0,0.0,0,0.0,0,24,0,1,0.8036316002964657,0,0.19636839970353423,0,0.0,0,0.0,0,0.0,0,24,0,1,0.8096849963244082,0,0.19031500367559187,0,0.0,0,0.0,0,0.0,0,24,0,0,0.8289021112732579,1,0.17109788872674217,0,0.0,0,0.0,0,0.0,0,24,0,0,0.8726770741316956,1,0.12732292586830443,0,0.0,0,0.0,0,0.0,0,24,0,1,0.9475324610655143,0,0.052467538934485795,0,0.0,0,0.0,0,0.0,0,24,0,1,0.9475324610655143,0,0.052467538934485795,0,0.0,0,0.0,0,0.0,0,24,0,1,0.9475324610655143,0,0.052467538934485795,0,0.0,0,0.0,0,0.0,0,24,0,1,0.9082120002097833,0,0.0917879997902167,0,0.0,0,0.0,0,0.0,0
25,4,25,0,0,0.0,0,0.0,1,0.6226715759095627,0,0.3217735424175611,0,0.055554881672876186,0,25,0,1,0.9654041847971369,0,0.034595815202863076,0,0.0,0,0.0,0,0.0,0,25,0,0,0.7958201575682248,1,0.2041798424317752,0,0.0,0,0.0,0,0.0,0,25,0,0,0.0,1,1.0,0,0.0,0,0.0,0,0.0,0,25,0,1,0.8340961143647747,0,0.16590388563522526,0,0.0,0,0.0,0,0.0,0,25,0,1,0.7958201575682248,0,0.2041798424317752,0,0.0,0,0.0,0,0.0,0,25,0,1,0.8017596822903292,0,0.19824031770967074,0,0.0,0,0.0,0,0.0,0,25,0,0,0.8206099000441226,1,0.17939009995587737,0,0.0,0,0.0,0,0.0,0,25,0,0,0.8635184566790199,1,0.13648154332098006,0,0.0,0,0.0,0,0.0,0,25,0,1,0.9308187325065147,0,0.0691812674934853,0,0.0,0,0.0,0,0.0,0,25,0,0,0.9308187325065147,1,0.0691812674934853,0,0.0,0,0.0,0,0.0,0,25,0,1,0.9308187325065147,0,0.0691812674934853,0,0.0,0,0.0,0,0.0,0,25,0,1,0.8994506936262214,0,0.10054930637377865,0,0.0,0,0.0,0,0.0,0
26,0,26,1,0,0.0,1,1.0,0,0.0,0,0.0,0,0.0,0,26,0,1,0.9541549639573963,0,0.045845036042603704,0,0.0,0,0.0,0,0.0,0,26,0,0,0.7880760499557526,1,0.21192395004424736,0,0.0,0,0.0,0,0.0,0,26,1,1,0.9879566058099678,0,0.012043394190032213,0,0.0,0,0.0,0,0.0,0,26,0,1,0.8256172843710387,0,0.17438271562896132,0,0.0,0,0.0,0,0.0,0,26,0,1,0.7880760499557526,0,0.21192395004424736,0,0.0,0,0.0,0,0.0,0,26,0,1,0.7939037224085733,0,0.20609627759142665,0,0.0,0,0.0,0,0.0,0,26,0,0,0.8123937011826942,1,0.1876062988173058,0,0.0,0,0.0,0,0.0,0,26,0,0,0.8544524752628226,1,0.14554752473717741,0,0.0,0,0.0,0,0.0,0,26,0,1,0.914477868820316,0,0.08552213117968407,0,0.0,0,0.0,0,0.0,0,26,0,0,0.914477868820316,1,0.08552213117968407,0,0.0,0,0.0,0,0.0,0,26,0,1,0.914477868820316,0,0.08552213117968407,0,0.0,0,0.0,0,0.0,0,26,0,1,0.8907671711010638,0,0.10923282889893618,0,0.0,0,0.0,0,0.0,0
27,0,27,1,1,0.9878333949059177,0,0.012166605094082222,0,0.0,0,0.0,0,0.0,0,27,0,1,0.9430459143879864,0,0.05695408561201364,0,0.0,0,0.0,0,0.0,4,27,0,0,0.0,0,0.0,0,0.6143987037008773,1,0.3227549322687152,0,0.06284636403040744,0,27,0,1,0.9760724162528777,0,0.023927583747122318,0,0.0,0,0.0,0,0.0,0,27,0,1,0.8172197035920458,0,0.18278029640795426,0,0.0,0,0.0,0,0.0,0,27,0,1,0.780399665547608,0,0.21960033445239205,0,0.0,0,0.0,0,0.0,0,27,0,1,0.7861174842752696,0,0.2138825157247304,0,0.0,0,0.0,0,0.0,0,27,0,0,0.8042538095066988,1,0.1957461904933013,0,0.0,0,0.0,0,0.0,0,27,0,0,0.8454792112312621,1,0.15452078876873793,0,0.0,0,0.0,0,0.0,0,27,0,1,0.8985011474660204,0,0.1014988525339796,0,0.0,0,0.0,0,0.0,0,27,0,0,0.8985011474660204,1,0.1014988525339796,0,0.0,0,0.0,0,0.0,0,27,0,1,0.8985011474660204,0,0.1014988525339796,0,0.0,0,0.0,0,0.0,0,27,0,1,0.8821617069469951,0,0.11783829305300483,0,0.0,0,0.0,0,0.0,0
28,0,28,0,1,0.975831782108173,0,0.02416821789182704,0,0.0,0,0.0,0,0.0,0,28,0,1,0.9320762237670552,0,0.06792377623294474,0,0.0,0,0.0,0,0.0,4,28,1,0,0.0,0,0.0,1,0.8094490039866876,0,0.17690184915617285,0,0.013649146857139463,0,28,0,1,0.964346215931371,0,0.03565378406862896,0,0.0,0,0.0,0,0.0,0,28,0,1,0.808903548891618,0,0.191096451108382,0,0.0,0,0.0,0,0.0,0,28,0,1,0.7727913388982707,0,0.2272086611017293,0,0.0,0,0.0,0,0.0,0,28,0,1,0.7784012811644772,0,0.22159871883552287,0,0.0,0,0.0,0,0.0,0,28,0,0,0.7961904631216236,1,0.2038095368783764,0,0.0,0,0.0,0,0.0,0,28,0,0,0.836598684600773,1,0.1634013153992269,0,0.0,0,0.0,0,0.0,0,28,0,0,0.8828799849777421,1,0.11712001502225783,0,0.0,0,0.0,0,0.0,0,28,0,0,0.8828799849777421,1,0.11712001502225783,0,0.0,0,0.0,0,0.0,0,28,0,1,0.8828799849777421,0,0.11712001502225783,0,0.0,0,0.0,0,0.0,0,28,0,1,0.873634522169129,0,0.12636547783087101,0,0.0,0,0.0,0,0.0,0
29,0,29,0,1,0.9639937302557899,0,0.03600626974420999,0,0.0,0,0.0,0,0.0,0,29,0,1,0.9212450196186815,0,0.07875498038131837,0,0.0,0,0.0,0,0.0,0,29,1,0,1.3707363203427626e-16,1,0.9999999999999999,0,0.0,0,0.0,0,0.0,0,29,0,1,0.9527767323812849,0,0.047223267618715016,0,0.0,0,0.0,0,0.0,0,29,0,1,0.8006689414577247,0,0.19933105854227526,0,0.0,0,0.0,0,0.0,0,29,0,1,0.7652513531708346,0,0.23474864682916538,0,0.0,0,0.0,0,0.0,0,29,0,1,0.7707553742427983,0,0.22924462575720164,0,0.0,0,0.0,0,0.0,0,29,0,0,0.7882038458710954,1,0.21179615412890462,0,0.0,0,0.0,0,0.0,0,29,0,0,0.8278108570808975,1,0.17218914291910248,0,0.0,0,0.0,0,0.0,0,29,0,0,0.8676059425339218,1,0.13239405746607819,0,0.0,0,0.0,0,0.0,0,29,0,0,0.8676059425339218,1,0.13239405746607819,0,0.0,0,0.0,0,0.0,0,29,0,1,0.8676059425339218,0,0.13239405746607819,0,0.0,0,0.0,0,0.0,0,29,0,1,0.8651857867005879,0,0.1348142132994122,0,0.0,0,0.0,0,0.0,0
30,0,30,0,1,0.9523177575196232,0,0.047682242480376766,0,0.0,0,0.0,0,0.0,0,30,0,1,0.910551373617828,0,0.08944862638217196,0,0.0,0,0.0,0,0.0,0,30,1,1,0.9874635851421185,0,0.012536414857881404,0,0.0,0,0.0,0,0.0,0,30,0,1,0.9413626408143377,0,0.05863735918566227,0,0.0,0,0.0,0,0.0,0,30,0,1,0.7925159493600565,0,0.2074840506399435,0,0.0,0,0.0,0,0.0,0,30,0,1,0.7577799422348994,0,0.2422200577651006,0,0.0,0,0.0,0,0.0,0,30,0,1,0.7631799747359389,0,0.23682002526406118,0,0.0,0,0.0,0,0.0,0,30,0,0,0.7802940897280145,1,0.21970591027198552,0,0.0,0,0.0,0,0.0,0,30,0,0,0.819115635009247,1,0.18088436499075303,0,0.0,0,0.0,0,0.0,0,30,0,0,0.8526707305625513,1,0.14732926943744876,0,0.0,0,0.0,0,0.0,0,30,0,0,0.8526707305625513,1,0.14732926943744876,0,0.0,0,0.0,0,0.0,0,30,0,1,0.8526707305625513,0,0.14732926943744876,0,0.0,0,0.0,0,0.0,0,30,0,1,0.8568156215853407,0,0.14318437841465917,0,0.0,0,0.0,0,0.0,0
31,0,31,0,1,0.9408023362342117,0,0.059197663765788264,0,0.0,0,0.0,0,0.0,0,31,0,1,0.8999943057067287,0,0.10000569429327127,0,0.0,0,0.0,0,0.0,0,31,0,1,0.975109885563896,0,0.024890114436103984,0,0.0,0,0.0,0,0.0,0,31,0,1,0.9301025686303128,0,0.06989743136968717,0,0.0,0,0.0,0,0.0,0,31,0,1,0.7844445900387939,0,0.21555540996120615,0,0.0,0,0.0,0,0.0,0,31,0,1,0.7503772927183927,0,0.24962270728160738,0,0.0,0,0.0,0,0.0,0,31,0,1,0.7556752460460067,0,0.2443247539539934,0,0.0,0,0.0,0,0.0,0,31,0,0,0.7724612771254908,1,0.22753872287450919,0,0.0,0,0.0,0,0.0,0,31,0,0,0.8105128721965407,1,0.1894871278034593,0,0.0,0,0.0,0,0.0,0,31,0,0,0.8380662124721373,1,0.1619337875278626,0,0.0,0,0.0,0,0.0,0,31,0,0,0.8380662124721373,1,0.1619337875278626,0,0.0,0,0.0,0,0.0,0,31,0,1,0.8380662124721373,0,0.1619337875278626,0,0.0,0,0.0,0,0.0,0,31,0,1,0.8485241011075328,0,0.15147589889246718,0,0.0,0,0.0,0,0.0,0
32,0,32,0,1,0.929445897301585,0,0.07055410269841497,0,0.0,0,0.0,0,0.0,0,32,0,1,0.889572788027462,0,0.11042721197253806,0,0.0,0,0.0,0,0.0,0,32,0,1,0.9629367846348841,0,0.0370632153651159,0,0.0,0,0.0,0,0.0,0,32,0,1,0.9189950997059816,0,0.08100490029401841,0,0.0,0,0.0,0,0.0,0,32,0,1,0.7764548327240869,0,0.2235451672759131,0,0.0,0,0.0,0,0.0,0,32,0,1,0.743043546012263,0,0.2569564539877371,0,0.0,0,0.0,0,0.0,0,32,0,1,0.7482413058185607,0,0.25175869418143915,0,0.0,0,0.0,0,0.0,0,32,0,0,0.7647054432268573,1,0.23529455677314282,0,0.0,0,0.0,0,0.0,0,32,0,0,0.8020023726819192,1,0.1979976273180808,0,0.0,0,0.0,0,0.0,0,32,0,0,0.8237844075914267,1,0.17621559240857335,0,0.0,0,0.0,0,0.0,0,32,0,0,0.8237844075914267,1,0.17621559240857335,0,0.0,0,0.0,0,0.0,0,32,0,1,0.8237844075914267,0,0.17621559240857335,0,0.0,0,0.0,0,0.0,0,32,0,1,0.8403112548667261,0,0.1596887451332739,0,0.0,0,0.0,0,0.0,0
33,0,33,0,1,0.9182468343652971,0,0.08175316563470295,0,0.0,0,0.0,0,0.0,0,33,0,1,0.879285748675612,0,0.12071425132438791,0,0.0,0,0.0,0,0.0,0,33,0,1,0.9509421377582987,0,0.04905786224170125,0,0.0,0,0.0,0,0.0,0,33,0,1,0.908038778468067,0,0.09196122153193304,0,0.0,0,0.0,0,0.0,0,33,0,1,0.768546600785986,0,0.23145339921401403,0,0.0,0,0.0,0,0.0,0,33,0,1,0.7357788002271843,0,0.2642211997728156,0,0.0,0,0.0,0,0.0,0,33,0,1,0.7408782279586237,0,0.2591217720413764,0,0.0,0,0.0,0,0.0,0,33,0,0,0.757026578134253,1,0.242973421865747,0,0.0,0,0.0,0,0.0,0,33,0,0,0.793583893398968,1,0.2064161066010321,0,0.0,0,0.0,0,0.0,0,33,0,0,0.8098174933945143,1,0.19018250660548572,0,0.0,0,0.0,0,0.0,0,33,0,0,0.8098174933945143,1,0.19018250660548572,0,0.0,0,0.0,0,0.0,0,33,0,1,0.8098174933945143,0,0.19018250660548572,0,0.0,0,0.0,0,0.0,0,33,0,1,0.8321770697986524,0,0.16782293020134773,0,0.0,0,0.0,0,0.0,0
34,0,34,0,1,0.9072035077629504,0,0.09279649223704957,0,0.0,0,0.0,0,0.0,0,34,0,1,0.8691320752800479,0,0.13086792471995207,0,0.0,0,0.0,0,0.0,0,34,0,1,0.9391237765436217,0,0.06087622345637837,0,0.0,0,0.0,0,0.0,0,34,0,1,0.8972321137575794,0,0.10276788624242059,0,0.0,0,0.0,0,0.0,0,34,0,1,0.7607197740147671,0,0.23928022598523288,0,0.0,0,0.0,0,0.0,0,34,0,1,0.7285831121015977,0,0.27141688789840246,0,0.0,0,0.0,0,0.0,0,34,0,1,0.7335860445950572,0,0.2664139554049429,0,0.0,0,0.0,0,0.0,0,34,0,0,0.7494246290354692,1,0.25057537096453075,0,0.0,0,0.0,0,0.0,0,34,0,0,0.7852571467530962,1,0.2147428532469037,0,0.0,0,0.0,0,0.0,0,34,0,0,0.7961578070819606,1,0.20384219291803946,0,0.0,0,0.0,0,0.0,0,34,0,0,0.7961578070819606,1,0.20384219291803946,0,0.0,0,0.0,0,0.0,0,34,0,1,0.7961578070819606,0,0.20384219291803946,0,0.0,0,0.0,0,0.0,0,34,0,1,0.8241214921412336,0,0.17587850785876633,0,0.0,0,0.0,0,0.0,0
35,0,35,0,1,0.8963142482654248,0,0.10368575173457521,0,0.0,0,0.0,0,0.0,0,35,0,1,0.8591106184139323,0,0.14088938158606767,0,0.0,0,0.0,0,0.0,0,35,0,1,0.9274795127266271,0,0.07252048727337283,0,0.0,0,0.0,0,0.0,0,35,0,1,0.8865735824928506,0,0.11342641750714937,0,0.0,0,0.0,0,0.0,0,35,0,1,0.7529741908317859,0,0.24702580916821407,0,0.0,0,0.0,0,0.0,0,35,0,1,0.7214564988605842,0,0.27854350113941584,0,0.0,0,0.0,0,0.0,0,35,0,1,0.7263647479928818,0,0.2736352520071183,0,0.0,0,0.0,0,0.0,0,35,0,0,0.7418995022889305,1,0.25810049771106947,0,0.0,0,0.0,0,0.0,0,35,0,0,0.7770218031111092,1,0.22297819688889073,0,0.0,0,0.0,0,0.0,0,35,0,0,0.7827978465829245,1,0.2172021534170754,0,0.0,0,0.0,0,0.0,0,35,0,0,0.7827978465829245,1,0.2172021534170754,0,0.0,0,0.0,0,0.0,0,35,0,1,0.7827978465829245,0,0.2172021534170754,0,0.0,0,0.0,0,0.0,0,35,0,1,0.8161444293457825,0,0.18385557065421754,0,0.0,0,0.0,0,0.0,0
36,0,36,0,1,0.8855773606109478,0,0.11442263938905212,0,0.0,0,0.0,0,0.0,0,36,0,1,0.8492201948421403,0,0.15077980515785963,0,0.0,0,0.0,0,0.0,0,36,0,1,0.9160071418480111,0,0.08399285815198893,0,0.0,0,0.0,0,0.0,0,36,0,1,0.8760616331385588,0,0.12393836686144122,0,0.0,0,0.0,0,0.0,0,36,0,1,0.7453096504311627,0,0.25469034956883735,0,0.0,0,0.0,0,0.0,0,36,0,1,0.7143989400252321,0,0.2856010599747679,0,0.0,0,0.0,0,0.0,0,36,0,1,0.7192142924132766,0,0.28078570758672344,0,0.0,0,0.0,0,0.0,0,36,0,0,0.7344510654468572,1,0.26554893455314277,0,0.0,0,0.0,0,0.0,0,36,0,0,0.7688774932039785,1,0.23112250679602153,0,0.0,0,0.0,0,0.0,0,36,0,0,0.7697302710380794,1,0.23026972896192063,0,0.0,0,0.0,0,0.0,0,36,0,0,0.7697302710380794,1,0.23026972896192063,0,0.0,0,0.0,0,0.0,0,36,0,1,0.7697302710380794,0,0.23026972896192063,0,0.0,0,0.0,0,0.0,0,36,0,1,0.8082457519334257,0,0.1917542480665742,0,0.0,0,0.0,0,0.0,0
37,4,37,0,0,0.0,0,0.0,1,0.6367672098801288,0,0.3230943781265009,0,0.040138411993370295,0,37,0,1,0.8394595906102987,0,0.16054040938970127,0,0.0,0,0.0,0,0.0,0,37,0,1,0.9047044467015273,0,0.0952955532984727,0,0.0,0,0.0,0,0.0,0,37,0,1,0.8656946889879799,0,0.13430531101202012,0,0.0,0,0.0,0,0.0,0,37,0,1,0.7377259148527592,0,0.2622740851472408,0,0.0,0,0.0,0,0.0,0,37,0,1,0.707410379172296,0,0.29258962082770407,0,0.0,0,0.0,0,0.0,0,37,0,1,0.7121345959211504,0,0.28786540407884964,0,0.0,0,0.0,0,0.0,0,37,0,0,0.7270791492168064,1,0.27292085078319367,0,0.0,0,0.0,0,0.0,0,37,0,0,0.7608238104439736,1,0.2391761895560264,0,0.0,0,0.0,0,0.0,0,37,0,0,0.7569479008181836,1,0.24305209918181642,0,0.0,0,0.0,0,0.0,0,37,0,0,0.7569479008181836,1,0.24305209918181642,0,0.0,0,0.0,0,0.0,0,37,0,1,0.7569479008181836,0,0.24305209918181642,0,0.0,0,0.0,0,0.0,0,37,0,1,0.8004252952969296,0,0.19957470470307032,0,0.0,0,0.0,0,0.0,0
38,0,38,1,0,0.0,1,1.0,0,0.0,0,0.0,0,0.0,0,38,0,1,0.8298275639806723,0,0.17017243601932777,0,0.0,0,0.0,0,0.0,0,38,0,1,0.8935692005622546,0,0.10643079943774537,0,0.0,0,0.0,0,0.0,0,38,0,1,0.8554711512656202,0,0.14452884873437968,0,0.0,0,0.0,0,0.0,0,38,1,1,0.9864761255256931,0,0.013523874474306911,0,0.0,0,0.0,0,0.0,0,38,0,1,0.7004907256440942,0,0.29950927435590585,0,0.0,0,0.0,0,0.0,0,38,0,1,0.7051255421403095,0,0.29487445785969046,0,0.0,0,0.0,0,0.0,0,38,0,0,0.7197835493619291,1,0.2802164506380708,0,0.0,0,0.0,0,0.0,0,38,0,0,0.7528603131574502,1,0.2471396868425498,0,0.0,0,0.0,0,0.0,0,38,0,0,0.7444437171286329,1,0.255556282871367,0,0.0,0,0.0,0,0.0,4,38,0,0,0.0,0,0.0,0,0.6027671683317093,1,0.32862216569535907,0,0.06861066597293154,0,38,0,1,0.7444437171286329,0,0.255556282871367,0,0.0,0,0.0,0,0.0,0,38,0,1,0.7926828614482119,0,0.20731713855178807,0,0.0,0,0.0,0,0.0,0
39,0,39,1,1,0.9863525599026098,0,0.013647440097390181,0,0.0,0,0.0,0,0.0,0,39,0,1,0.8203228482201154,0,0.1796771517798847,0,0.0,0,0.0,0,0.0,0,39,0,1,0.8825991702053161,0,0.11740082979468387,0,0.0,0,0.0,0,0.0,0,39,0,1,0.8453894020572859,0,0.15461059794271406,0,0.0,0,0.0,0,0.0,0,39,0,1,0.9731848713035743,0,0.026815128696425616,0,0.0,0,0.0,0,0.0,0,39,0,1,0.6936398562087086,0,0.30636014379129145,0,0.0,0,0.0,0,0.0,0,39,0,1,0.6981869819563777,0,0.3018130180436222,0,0.0,0,0.0,0,0.0,0,39,0,0,0.712564028540413,1,0.28743597145958705,0,0.0,0,0.0,0,0.0,0,39,0,0,0.7449865267347086,1,0.25501347326529145,0,0.0,0,0.0,0,0.0,0,39,1,1,0.978256340164515,0,0.02174365983548492,0,0.0,0,0.0,0,0.0,4,39,1,0,0.0,0,0.0,1,0.7811804467728499,0,0.19485511446413595,0,0.023964438763014097,0,39,1,1,0.978256340164515,0,0.02174365983548492,0,0.0,0,0.0,0,0.0,0,39,0,1,0.7850182207119394,0,0.21498177928806061,0,0.0,0,0.0,0,0.0,0
40,0,40,0,1,0.9729442489381961,0,0.0270557510618039,0,0.0,0,0.0,0,0.0,0,40,0,1,0.8109441542452805,0,0.18905584575471943,0,0.0,0,0.0,0,0.0,0,40,0,1,0.8717921187250661,0,0.12820788127493388,0,0.0,0,0.0,0,0.0,0,40,0,1,0.8354478070745263,0,0.16455219292547374,0,0.0,0,0.0,0,0.0,0,40,0,1,0.9601220078527125,0,0.03987799214728746,0,0.0,0,0.0,0,0.0,0,40,0,1,0.686857616670669,0,0.3131423833293311,0,0.0,0,0.0,0,0.0,0,40,0,1,0.6913187351677348,0,0.3086812648322652,0,0.0,0,0.0,0,0.0,0,40,0,0,0.7054203180846891,1,0.294579681915311,0,0.0,0,0.0,0,0.0,0,40,0,0,0.7372019456984434,1,0.26279805430155656,0,0.0,0,0.0,0,0.0,0,40,0,1,0.9572071304159836,0,0.04279286958401642,0,0.0,0,0.0,0,0.0,0,40,1,0,0.0,1,1.0,0,0.0,0,0.0,0,0.0,0,40,0,1,0.9572071304159836,0,0.04279286958401642,0,0.0,0,0.0,0,0.0,0,40,0,1,0.7774311133657007,0,0.2225688866342993,0,0.0,0,0.0,0,0.0,0
41,0,41,0,1,0.9597705431983042,0,0.04022945680169581,0,0.0,0,0.0,0,0.0,0,41,0,1,0.8016901731302343,0,0.19830982686976578,0,0.0,0,0.0,0,0.0,0,41,0,1,0.8611458081644442,0,0.13885419183555586,0,0.0,0,0.0,0,0.0,0,41,0,1,0.825644718260262,0,0.17435528173973802,0,0.0,0,0.0,0,0.0,0,41,0,1,0.9472833599501225,0,0.05271664004987753,0,0.0,0,0.0,0,0.0,0,41,0,1,0.6801438234324084,0,0.31985617656759163,0,0.0,0,0.0,0,0.0,0,41,0,1,0.6845205920848496,0,0.31547940791515044,0,0.0,0,0.0,0,0.0,0,41,0,0,0.698352119721093,1,0.3016478802789071,0,0.0,0,0.0,0,0.0,0,41,0,0,0.7295060356923935,1,0.2704939643076066,0,0.0,0,0.0,0,0.0,0,41,0,1,0.9368230684465384,0,0.06317693155346167,0,0.0,0,0.0,0,0.0,0,41,1,1,0.9778005678051953,0,0.022199432194804705,0,0.0,0,0.0,0,0.0,0,41,0,1,0.9368230684465384,0,0.06317693155346167,0,0.0,0,0.0,0,0.0,0,41,0,1,0.7699212512273328,0,0.2300787487726673,0,0.0,0,0.0,0,0.0,0
42,0,42,0,1,0.9468269857966662,0,0.053173014203333806,0,0.0,0,0.0,0,0.0,0,42,0,1,0.7925595784815712,0,0.20744042151842879,0,0.0,0,0.0,0,0.0,0,42,0,1,0.8506580019638748,0,0.14934199803612522,0,0.0,0,0.0,0,0.0,0,42,0,1,0.8159784762422612,0,0.18402152375773884,0,0.0,0,0.0,0,0.0,0,42,0,1,0.9346648080746193,0,0.06533519192538077,0,0.0,0,0.0,0,0.0,0,42,0,1,0.6734982650068714,0,0.3265017349931287,0,0.0,0,0.0,0,0.0,0,42,0,1,0.6777923150784768,0,0.3222076849215232,0,0.0,0,0.0,0,0.0,0,42,0,0,0.6913591072307578,1,0.3086408927692421,0,0.0,0,0.0,0,0.0,0,42,0,0,0.7218982353918766,1,0.2781017646081234,0,0.0,0,0.0,0,0.0,0,42,0,1,0.9170763867015193,0,0.08292361329848069,0,0.0,0,0.0,0,0.0,0,42,0,1,0.9563340975849441,0,0.04366590241505592,0,0.0,0,0.0,0,0.0,0,42,0,1,0.9170763867015193,0,0.08292361329848069,0,0.0,0,0.0,0,0.0,0,42,0,1,0.7624883191900567,0,0.23751168080994334,0,0.0,0,0.0,0,0.0,0
43,0,43,0,1,0.9341091877929677,0,0.06589081220703231,0,0.0,0,0.0,0,0.0,0,43,0,1,0.7835510286860536,0,0.21644897131394633,0,0.0,0,0.0,0,0.0,0,43,0,1,0.840326467238769,0,0.15967353276123103,0,0.0,0,0.0,0,0.0,0,43,0,1,0.8064474126409756,0,0.19355258735902442,0,0.0,0,0.0,0,0.0,0,43,0,1,0.9222622896447157,0,0.07773771035528437,0,0.0,0,0.0,0,0.0,0,43,0,1,0.6669207034817441,0,0.33307929651825585,0,0.0,0,0.0,0,0.0,0,43,0,1,0.671133640077273,0,0.328866359922727,0,0.0,0,0.0,0,0.0,0,43,0,0,0.6844409280526033,1,0.3155590719473968,0,0.0,0,0.0,0,0.0,0,43,0,0,0.7143779583379628,1,0.28562204166203725,0,0.0,0,0.0,0,0.0,0,43,0,1,0.8979407565317367,0,0.10205924346826328,0,0.0,0,0.0,0,0.0,0,43,0,1,0.935568254028269,0,0.06443174597173099,0,0.0,0,0.0,0,0.0,0,43,0,1,0.8979407565317367,0,0.10205924346826328,0,0.0,0,0.0,0,0.0,0,43,0,1,0.7551319767061497,0,0.24486802329385027,0,0.0,0,0.0,0,0.0,0
44,0,44,0,1,0.9216128289282057,0,0.07838717107179434,0,0.0,0,0.0,0,0.0,0,44,0,1,0.7746631690357164,0,0.2253368309642836,0,0.0,0,0.0,0,0.0,0,44,0,1,0.8301489768943585,0,0.16985102310564154,0,0.0,0,0.0,0,0.0,0,44,0,1,0.797049852238088,0,0.20295014776191203,0,0.0,0,0.0,0,0.0,0,44,0,1,0.9100718000656274,0,0.08992819993437257,0,0.0,0,0.0,0,0.0,0,44,0,1,0.6604108759358541,0,0.33958912406414593,0,0.0,0,0.0,0,0.0,0,44,0,1,0.6645442780154648,0,0.33545572198453516,0,0.0,0,0.0,0,0.0,0,44,0,0,0.677597204829355,1,0.3224027951706449,0,0.0,0,0.0,0,0.0,0,44,0,0,0.7069445946970877,1,0.2930554053029123,0,0.0,0,0.0,0,0.0,0,44,0,0,0.8793911992857134,1,0.1206088007142866,0,0.0,0,0.0,0,0.0,0,44,0,1,0.915472490120742,0,0.08452750987925799,0,0.0,0,0.0,0,0.0,0,44,0,1,0.8793911992857134,0,0.1206088007142866,0,0.0,0,0.0,0,0.0,0,44,0,1,0.7478518592199406,0,0.2521481407800594,0,0.0,0,0.0,0,0.0,0
45,0,45,0,1,0.9093336581865107,0,0.09066634181348923,0,0.0,0,0.0,0,0.0,0,45,0,1,0.7658946337352924,0,0.23410536626470754,0,0.0,0,0.0,0,0.0,0,45,0,1,0.8201233115862707,0,0.17987668841372925,0,0.0,0,0.0,0,0.0,0,45,0,1,0.7877841150119514,0,0.21221588498804864,0,0.0,0,0.0,0,0.0,0,45,0,1,0.8980893935995579,0,0.10191060640044211,0,0.0,0,0.0,0,0.0,0,45,0,1,0.6539684958083544,0,0.34603150419164563,0,0.0,0,0.0,0,0.0,0,45,0,1,0.6580239162312724,0,0.3419760837687275,0,0.0,0,0.0,0,0.0,0,45,0,0,0.6708275368975996,1,0.3291724631024004,0,0.0,0,0.0,0,0.0,0,45,0,0,0.6995975129479561,1,0.3004024870520439,0,0.0,0,0.0,0,0.0,0,45,0,0,0.8614040037712182,1,0.1385959962287818,0,0.0,0,0.0,0,0.0,0,45,0,1,0.8960179282219356,0,0.10398207177806444,0,0.0,0,0.0,0,0.0,0,45,0,1,0.8614040037712182,0,0.1385959962287818,0,0.0,0,0.0,0,0.0,0,45,0,1,0.740647579550971,0,0.2593524204490289,0,0.0,0,0.0,0,0.0,0
46,0,46,0,1,0.8972674941973662,0,0.10273250580263381,0,0.0,0,0.0,0,0.0,0,46,0,1,0.757244047796715,0,0.24275595220328508,0,0.0,0,0.0,0,0.0,0,46,0,1,0.8102472615349308,0,0.18975273846506924,0,0.0,0,0.0,0,0.0,0,46,0,1,0.7786485180459293,0,0.22135148195407076,0,0.0,0,0.0,0,0.0,0,46,0,1,0.8863111840725831,0,0.11368881592741685,0,0.0,0,0.0,0,0.0,0,46,0,1,0.647593254221375,0,0.35240674577862496,0,0.0,0,0.0,0,0.0,0,46,0,1,0.6515722198168523,0,0.34842778018314774,0,0.0,0,0.0,0,0.0,0,46,0,0,0.6641315017229263,1,0.33586849827707366,0,0.0,0,0.0,0,0.0,0,46,0,0,0.692336061497615,1,0.30766393850238505,0,0.0,0,0.0,0,0.0,0,46,0,0,0.8439566495678607,1,0.15604335043213932,0,0.0,0,0.0,0,0.0,0,46,0,1,0.8771772503762532,0,0.12282274962374683,0,0.0,0,0.0,0,0.0,0,46,0,1,0.8439566495678607,0,0.15604335043213932,0,0.0,0,0.0,0,0.0,0,46,0,1,0.7335187292282158,0,0.26648127077178413,0,0.0,0,0.0,0,0.0,0
47,0,47,0,1,0.8854102254912645,0,0.11458977450873553,0,0.0,0,0.0,0,0.0,0,47,0,1,0.7487100288253455,0,0.25128997117465446,0,0.0,0,0.0,0,0.0,0,47,0,1,0.8005186282015571,0,0.19948137179844289,0,0.0,0,0.0,0,0.0,0,47,0,1,0.7696413773154656,0,0.23035862268453436,0,0.0,0,0.0,0,0.0,0,47,0,1,0.874733345430651,0,0.12526665456934907,0,0.0,0,0.0,0,0.0,0,47,0,1,0.6412848212568752,0,0.35871517874312475,0,0.0,0,0.0,0,0.0,0,47,0,1,0.6451888329205759,0,0.3548111670794241,0,0.0,0,0.0,0,0.0,0,47,0,0,0.657508656281267,1,0.3424913437187331,0,0.0,0,0.0,0,0.0,0,47,0,0,0.6851595702286034,1,0.3148404297713966,0,0.0,0,0.0,0,0.0,0,47,0,0,0.8270277357196539,1,0.17297226428034604,0,0.0,0,0.0,0,0.0,0,47,0,1,0.8589245970383169,0,0.14107540296168306,0,0.0,0,0.0,0,0.0,0,47,0,1,0.8270277357196539,0,0.17297226428034604,0,0.0,0,0.0,0,0.0,0,47,0,1,0.7264648797762916,0,0.2735351202237084,0,0.0,0,0.0,0,0.0,0
48,0,48,0,1,0.8737578106209991,0,0.12624218937900095,0,0.0,0,0.0,0,0.0,0,48,0,1,0.7402911887024709,0,0.2597088112975291,0,0.0,0,0.0,0,0.0,0,48,0,1,0.7909352258332061,0,0.209064774166794,0,0.0,0,0.0,0,0.0,0,48,0,1,0.7607610093595356,0,0.2392389906404643,0,0.0,0,0.0,0,0.0,0,48,0,1,0.8633521121564358,0,0.13664788784356424,0,0.0,0,0.0,0,0.0,0,48,0,1,0.6350428471884807,0,0.36495715281151936,0,0.0,0,0.0,0,0.0,0,48,0,1,0.6388733800025125,0,0.3611266199974875,0,0.0,0,0.0,0,0.0,0,48,0,0,0.6509585383875756,1,0.34904146161242455,0,0.0,0,0.0,0,0.0,0,48,0,0,0.6780673519791021,1,0.32193264802089794,0,0.0,0,0.0,0,0.0,0,48,0,0,0.8105969143788547,1,0.1894030856211453,0,0.0,0,0.0,0,0.0,0,48,0,1,0.8412354734756271,0,0.15876452652437292,0,0.0,0,0.0,0,0.0,0,48,0,1,0.8105969143788547,0,0.1894030856211453,0,0.0,0,0.0,0,0.0,0,48,0,1,0.7194855839546253,0,0.2805144160453748,0,0.0,0,0.0,0,0.0,0
49,0,49,0,1,0.8623062781599903,0,0.1376937218400097,0,0.0,0,0.0,0,0.0,0,49,0,1,0.7319861351684918,0,0.2680138648315083,0,0.0,0,0.0,0,0.0,0,49,0,1,0.7814948828840079,0,0.21850511711599216,0,0.0,0,0.0,0,0.0,0,49,0,1,0.752005732841943,0,0.2479942671580569,0,0.0,0,0.0,0,0.0,0,49,0,1,0.852163779558064,0,0.147836220441936,0,0.0,0,0.0,0,0.0,0,49,0,1,0.628866963669134,0,0.371133036330866,0,0.0,0,0.0,0,0.0,0,49,0,1,0.6326254670440193,0,0.36737453295598066,0,0.0,0,0.0,0,0.0,0,49,0,0,0.644480667973031,1,0.35551933202696895,0,0.0,0,0.0,0,0.0,0,49,0,0,0.6710587039580139,1,0.328941296041986,0,0.0,0,0.0,0,0.0,0,49,0,0,0.7946448290105789,1,0.20535517098942116,0,0.0,0,0.0,0,0.0,0,49,0,1,0.8240866631837516,0,0.1759133368162485,0,0.0,0,0.0,0,0.0,0,49,0,1,0.7946448290105789,0,0.20535517098942116,0,0.0,0,0.0,0,0.0,0,49,0,1,0.7125803769505791,0,0.28741962304942104,0,0.0,0,0.0,0,0.0,0
50,0,50,0,1,0.8510517265882906,0,0.1489482734117094,0,0.0,0,0.0,0,0.0,0,50,0,1,0.7237934733111119,0,0.2762065266888881,0,0.0,0,0.0,0,0.0,0,50,0,1,0.7721954433194381,0,0.22780455668056188,0,0.0,0,0.0,0,0.0,0,50,0,1,0.7433738700077488,0,0.25662612999225126,0,0.0,0,0.0,0,0.0,0,50,0,1,0.8411647039400291,0,0.15883529605997096,0,0.0,0,0.0,0,0.0,0,50,1,1,0.9849913801845654,0,0.01500861981543454,0,0.0,0,0.0,0,0.0,0,50,0,1,0.6264446827123841,0,0.373555317287616,0,0.0,0,0.0,0,0.0,0,50,0,0,0.6380745483119713,1,0.36192545168802875,0,0.0,0,0.0,0,0.0,0,50,0,0,0.6641329090969131,1,0.3358670909030868,0,0.0,0,0.0,0,0.0,0,50,0,0,0.7791530568021254,1,0.2208469431978746,0,0.0,0,0.0,0,0.0,0,50,0,1,0.8074561477139401,0,0.19254385228605983,0,0.0,0,0.0,0,0.0,0,50,0,1,0.7791530568021254,0,0.2208469431978746,0,0.0,0,0.0,0,0.0,0,50,0,1,0.7057487775275572,0,0.29425122247244284,0,0.0,0,0.0,0,0.0,0
